[{"jid":"559184035474@s.whatsapp.net","wins":8,"defeats":3,"ties":7,"points":285718},{"jid":"447520607599@s.whatsapp.net","wins":2,"defeats":0,"ties":0,"points":35658},{"jid":"554396466824@s.whatsapp.net","wins":15,"defeats":7,"ties":23,"points":852860},{"jid":"557999843042@s.whatsapp.net","wins":0,"defeats":1,"ties":0,"points":-874},{"jid":"558592921351@s.whatsapp.net","wins":0,"defeats":0,"ties":1,"points":0},{"jid":"5521981689107@s.whatsapp.net","wins":1,"defeats":0,"ties":3,"points":29011},{"jid":"5518997531759@s.whatsapp.net","wins":3,"defeats":5,"ties":17,"points":82400},{"jid":"5518996749318@s.whatsapp.net","wins":1,"defeats":2,"ties":1,"points":1164},{"jid":"553892631840@s.whatsapp.net","wins":1,"defeats":0,"ties":0,"points":32865},{"jid":"554388359490@s.whatsapp.net","wins":0,"defeats":0,"ties":1,"points":0},{"jid":"5521985770889@s.whatsapp.net","wins":1,"defeats":1,"ties":0,"points":3950},{"jid":"258844652192@s.whatsapp.net","wins":1,"defeats":0,"ties":0,"points":3184},{"jid":"5515997582807@s.whatsapp.net","wins":0,"defeats":0,"ties":1,"points":0},{"jid":"557186888565@s.whatsapp.net","wins":1,"defeats":0,"ties":2,"points":140516},{"jid":"556496673645@s.whatsapp.net","wins":0,"defeats":0,"ties":2,"points":0},{"jid":"559484314737@s.whatsapp.net","wins":0,"defeats":0,"ties":1,"points":0}]